{
  "timestamp": "2025-07-30T16:46:10.732031",
  "stats": {
    "domains_processed": 350,
    "responses_generated": 1050,
    "errors": 0,
    "start_time": 1753918713.35637
  },
  "batch_size": 100,
  "concurrent_limit": 50
}