{
  "quantum_states": {
    "tesla.com": {
      "coefficients": [
        "(0.20164307917197807+0j)",
        "(0.6777463158306679+0j)",
        "(0.20164307917197807+0j)",
        "(0.6777463158306679+0j)"
      ],
      "probabilities": {
        "positive": 0.04065993137795662,
        "negative": 0.45934006862204346,
        "neutral": 0.04065993137795662,
        "emerging": 0.45934006862204346
      }
    },
    "openai.com": {
      "coefficients": [
        "(0.4131616061083369+0j)",
        "(0.573844480010028+0j)",
        "(0.4131616061083369+0j)",
        "(0.573844480010028+0j)"
      ],
      "probabilities": {
        "positive": 0.17070251276202053,
        "negative": 0.3292974872379794,
        "neutral": 0.17070251276202053,
        "emerging": 0.3292974872379794
      }
    },
    "meta.com": {
      "coefficients": [
        "(-0.3331897509905021+0j)",
        "(0.6236862912032677+0j)",
        "(-0.3331897509905021+0j)",
        "(0.6236862912032677+0j)"
      ],
      "probabilities": {
        "positive": 0.11101541016511278,
        "negative": 0.3889845898348872,
        "neutral": 0.11101541016511278,
        "emerging": 0.3889845898348872
      }
    }
  },
  "measurements": {
    "tesla.com": {
      "positive": 0.04065993137795662,
      "negative": 0.45934006862204346,
      "neutral": 0.04065993137795662,
      "emerging": 0.45934006862204346
    },
    "openai.com": {
      "positive": 0.17070251276202053,
      "negative": 0.3292974872379794,
      "neutral": 0.17070251276202053,
      "emerging": 0.3292974872379794
    },
    "meta.com": {
      "positive": 0.11101541016511278,
      "negative": 0.3889845898348872,
      "neutral": 0.11101541016511278,
      "emerging": 0.3889845898348872
    }
  },
  "entanglements": {}
}